id,task,description,date,status
880bac28-ef73-4bc1-952d-e0b59e91c4a7,zazsqsaa,,,False
5b802596-d651-4b3c-9662-901553f0faeb,Test Task NÂ°10,Description,2024-03-21 08:30:00,False
8ddde364-2a7d-4934-90e1-a9930b2660e1,aaaAAAAAAAAA,aaaa,4578-12-12 08:01:00,True
f6145139-dff3-40f7-8881-bc2b8efecbc6,Apagnan,zfokezifjzejo,8126-04-12 11:02:00,True
356b53e9-d30d-48aa-a659-db1e5d39996d,AZAZ,AZzaz,5113-09-08 23:11:00,True
224c5b30-3a8b-4480-b9bc-32710942aaa9,fzge,zeazeaze,6796-07-13 06:06:00,True
4c1f03f6-7206-40e3-a0cc-cb3af26bce23,Regarder le stream de kooki,trop cool ce stream,4661-04-16 23:51:00,False
273a51e1-cce5-46ea-976b-67b768dc9892,aaa,,8786-05-06 07:44:00,True
935b6a89-c06c-40b1-8f4d-7cca07ae2489,ffsdf,,,True
c61c474b-3740-4bb8-ad8a-fbf501e4dbb9,CHAHCHHA,,,True
e0eb10ad-a251-4130-985c-4f0151b84180,MMMMMM,,,False
93a568d1-15ee-46c6-908e-b2dc4b3e0748,AAD,,,True
10f55da5-89ac-419b-a670-0a2e4285195b,tryndamere,,,True
49eae04e-a271-491e-b846-18a893e178f5,azaza,,,False
195d4451-e886-4bb5-a986-25aebc22ffcc,aaaa,aaa,,True
287333f1-2ae4-4516-b641-6724348f8b6c,aa,,,True
0f6b6a17-f3a4-4026-ae5b-345bab6b2467,AAA,,,True
